{"cameraMode":{"drawMode":0,"name":"Shaded","section":"Shading Mode"},"sceneLighting":false,"audioPlay":false,"sceneViewState":{"showFog":true,"showMaterialUpdate":true,"showSkybox":false,"showFlares":true,"showImageEffects":true,"showParticleSystems":true},"in2DMode":false,"pivot":{"x":13.461028099060059,"y":1.3096694946289063,"z":11.082948684692383},"rotation":{"x":0.002450612373650074,"y":0.9971610903739929,"z":-0.06530573964118958,"w":0.03739394247531891},"size":2.472269296646118,"orthographic":false}