{"cameraMode":{"drawMode":0,"name":"Shaded","section":"Shading Mode"},"sceneLighting":false,"audioPlay":false,"sceneViewState":{"showFog":true,"showMaterialUpdate":true,"showSkybox":false,"showFlares":true,"showImageEffects":true,"showParticleSystems":true},"in2DMode":false,"pivot":{"x":-65.40804290771485,"y":-63.04482650756836,"z":57.454673767089847},"rotation":{"x":-0.20291858911514283,"y":0.5158471465110779,"z":-0.12714871764183045,"w":-0.8225586414337158},"size":5.7069501876831059,"orthographic":false}