{"cameraMode":{"drawMode":0,"name":"Shaded","section":"Shading Mode"},"sceneLighting":false,"audioPlay":false,"sceneViewState":{"showFog":false,"showMaterialUpdate":false,"showSkybox":false,"showFlares":false,"showImageEffects":false,"showParticleSystems":false},"in2DMode":false,"pivot":{"x":27.05234146118164,"y":2.2175774574279787,"z":99.0911636352539},"rotation":{"x":0.3633743226528168,"y":0.1737503707408905,"z":-0.06922944635152817,"w":0.9127160906791687},"size":12.386940002441407,"orthographic":false}