{"cameraMode":{"drawMode":0,"name":"Shaded","section":"Shading Mode"},"sceneLighting":true,"audioPlay":false,"sceneViewState":{"showFog":false,"showMaterialUpdate":false,"showSkybox":false,"showFlares":false,"showImageEffects":false,"showParticleSystems":false},"in2DMode":false,"pivot":{"x":48.86725616455078,"y":-2.710803270339966,"z":-1.6024351119995118},"rotation":{"x":-0.03327348083257675,"y":-0.9524950981140137,"z":0.2809305787086487,"w":-0.11281596124172211},"size":11.880402565002442,"orthographic":false}