{"cameraMode":{"drawMode":0,"name":"Shaded","section":"Shading Mode"},"sceneLighting":true,"audioPlay":false,"sceneViewState":{"showFog":true,"showMaterialUpdate":false,"showSkybox":true,"showFlares":true,"showImageEffects":true,"showParticleSystems":true},"in2DMode":false,"pivot":{"x":75.62916564941406,"y":1.9127025604248047,"z":54.064842224121097},"rotation":{"x":0.14779730141162873,"y":-0.07823405414819718,"z":0.011722009629011155,"w":0.9858570098876953},"size":9.640220642089844,"orthographic":false}