{"cameraMode":{"drawMode":0,"name":"Shaded","section":"Shading Mode"},"sceneLighting":true,"audioPlay":false,"sceneViewState":{"showFog":true,"showMaterialUpdate":false,"showSkybox":true,"showFlares":true,"showImageEffects":true,"showParticleSystems":true},"in2DMode":false,"pivot":{"x":-22.406715393066408,"y":-36.86524963378906,"z":181.48062133789063},"rotation":{"x":-0.22041504085063935,"y":0.6298069357872009,"z":-0.19296710193157197,"w":-0.719391405582428},"size":357.8832702636719,"orthographic":false}