{"cameraMode":{"drawMode":0,"name":"Shaded","section":"Shading Mode"},"sceneLighting":true,"audioPlay":false,"sceneViewState":{"showFog":true,"showMaterialUpdate":false,"showSkybox":true,"showFlares":true,"showImageEffects":true,"showParticleSystems":true},"in2DMode":false,"pivot":{"x":76.16285705566406,"y":1.9167029857635499,"z":51.03034210205078},"rotation":{"x":0.2418970763683319,"y":-0.06078258529305458,"z":0.015177919529378415,"w":0.9682855010032654},"size":4.291717052459717,"orthographic":false}