{"cameraMode":{"drawMode":0,"name":"Shaded","section":"Shading Mode"},"sceneLighting":false,"audioPlay":false,"sceneViewState":{"showFog":true,"showMaterialUpdate":false,"showSkybox":true,"showFlares":true,"showImageEffects":true,"showParticleSystems":true},"in2DMode":false,"pivot":{"x":52.62150573730469,"y":-26.74730682373047,"z":184.07113647460938},"rotation":{"x":0.25399282574653628,"y":-0.01789695769548416,"z":0.004217965062707663,"w":0.9671525359153748},"size":142.6360321044922,"orthographic":false}