{"cameraMode":{"drawMode":0,"name":"Shaded","section":"Shading Mode"},"sceneLighting":false,"audioPlay":false,"sceneViewState":{"showFog":true,"showMaterialUpdate":false,"showSkybox":true,"showFlares":true,"showImageEffects":true,"showParticleSystems":true},"in2DMode":false,"pivot":{"x":-379.756103515625,"y":-275.5087585449219,"z":21.901901245117189},"rotation":{"x":-0.22666333615779878,"y":0.6534661054611206,"z":-0.21376243233680726,"w":-0.689979612827301},"size":466.3028869628906,"orthographic":false}