{"cameraMode":{"drawMode":0,"name":"Shaded","section":"Shading Mode"},"sceneLighting":true,"audioPlay":false,"sceneViewState":{"showFog":true,"showMaterialUpdate":true,"showSkybox":true,"showFlares":true,"showImageEffects":true,"showParticleSystems":true},"in2DMode":false,"pivot":{"x":76.33908081054688,"y":3.575040817260742,"z":41.81137466430664},"rotation":{"x":-0.26052647829055788,"y":0.07145910710096359,"z":-0.019339721649885179,"w":-0.9626257419586182},"size":2.841658592224121,"orthographic":false}