{"cameraMode":{"drawMode":0,"name":"Shaded","section":"Shading Mode"},"sceneLighting":true,"audioPlay":false,"sceneViewState":{"showFog":true,"showMaterialUpdate":true,"showSkybox":true,"showFlares":true,"showImageEffects":true,"showParticleSystems":true},"in2DMode":false,"pivot":{"x":75.46031188964844,"y":2.1951146125793459,"z":54.04728317260742},"rotation":{"x":-0.27908340096473696,"y":0.07824600487947464,"z":-0.02282305434346199,"w":-0.9568027853965759},"size":8.430607795715332,"orthographic":false}