{"cameraMode":{"drawMode":0,"name":"Shaded","section":"Shading Mode"},"sceneLighting":true,"audioPlay":false,"sceneViewState":{"showFog":true,"showMaterialUpdate":false,"showSkybox":true,"showFlares":true,"showImageEffects":true,"showParticleSystems":true},"in2DMode":false,"pivot":{"x":-38.369102478027347,"y":-42.75007247924805,"z":31.716453552246095},"rotation":{"x":-0.22041504085063935,"y":0.6298069357872009,"z":-0.19296710193157197,"w":-0.719391405582428},"size":106.34417724609375,"orthographic":false}