{"cameraMode":{"drawMode":0,"name":"Shaded","section":"Shading Mode"},"sceneLighting":false,"audioPlay":false,"sceneViewState":{"showFog":true,"showMaterialUpdate":false,"showSkybox":true,"showFlares":true,"showImageEffects":true,"showParticleSystems":true},"in2DMode":false,"pivot":{"x":57.112754821777347,"y":1.9938325881958008,"z":97.98338317871094},"rotation":{"x":0.2898522913455963,"y":-0.09255313873291016,"z":0.028174301609396936,"w":0.9521688222885132},"size":35.77020263671875,"orthographic":false}