{"cameraMode":{"drawMode":0,"name":"Shaded","section":"Shading Mode"},"sceneLighting":false,"audioPlay":false,"sceneViewState":{"showFog":true,"showMaterialUpdate":false,"showSkybox":true,"showFlares":true,"showImageEffects":true,"showParticleSystems":true},"in2DMode":false,"pivot":{"x":-68.72563934326172,"y":-87.34351348876953,"z":65.04301452636719},"rotation":{"x":-0.2017647922039032,"y":0.6794641017913818,"z":-0.20240242779254914,"w":-0.6758629083633423},"size":272.32025146484377,"orthographic":false}