{"cameraMode":{"drawMode":0,"name":"Shaded","section":"Shading Mode"},"sceneLighting":false,"audioPlay":false,"sceneViewState":{"showFog":true,"showMaterialUpdate":false,"showSkybox":true,"showFlares":true,"showImageEffects":true,"showParticleSystems":true},"in2DMode":false,"pivot":{"x":17.116928100585939,"y":-215.242919921875,"z":328.25506591796877},"rotation":{"x":0.3197437822818756,"y":-0.13418619334697724,"z":0.04533213749527931,"w":0.9369373321533203},"size":368.7591552734375,"orthographic":false}