{"cameraMode":{"drawMode":0,"name":"Shaded","section":"Shading Mode"},"sceneLighting":false,"audioPlay":false,"sceneViewState":{"showFog":true,"showMaterialUpdate":false,"showSkybox":true,"showFlares":true,"showImageEffects":true,"showParticleSystems":true},"in2DMode":false,"pivot":{"x":169.2097625732422,"y":-48.56529235839844,"z":54.60546112060547},"rotation":{"x":0.29559841752052309,"y":0.6411169171333313,"z":-0.2950306534767151,"w":0.6439692378044128},"size":71.28665161132813,"orthographic":false}