{"cameraMode":{"drawMode":0,"name":"Shaded","section":"Shading Mode"},"sceneLighting":true,"audioPlay":false,"sceneViewState":{"showFog":true,"showMaterialUpdate":false,"showSkybox":true,"showFlares":true,"showImageEffects":true,"showParticleSystems":true},"in2DMode":false,"pivot":{"x":76.9861831665039,"y":2.4647376537323,"z":48.730323791503909},"rotation":{"x":0.058737583458423617,"y":0.9349854588508606,"z":-0.1849687099456787,"w":0.29691123962402346},"size":7.883998870849609,"orthographic":false}