{"cameraMode":{"drawMode":0,"name":"Shaded","section":"Shading Mode"},"sceneLighting":false,"audioPlay":false,"sceneViewState":{"showFog":true,"showMaterialUpdate":false,"showSkybox":true,"showFlares":true,"showImageEffects":true,"showParticleSystems":true},"in2DMode":false,"pivot":{"x":-169.54891967773438,"y":-180.31895446777345,"z":97.90599060058594},"rotation":{"x":0.2424217164516449,"y":-0.5975377559661865,"z":0.19569699466228486,"w":0.7389074563980103},"size":502.9989929199219,"orthographic":false}