{"cameraMode":{"drawMode":0,"name":"Shaded","section":"Shading Mode"},"sceneLighting":false,"audioPlay":false,"sceneViewState":{"showFog":true,"showMaterialUpdate":false,"showSkybox":true,"showFlares":true,"showImageEffects":true,"showParticleSystems":true},"in2DMode":false,"pivot":{"x":80.07089233398438,"y":-1.6295528411865235,"z":61.09992980957031},"rotation":{"x":0.29532375931739809,"y":0.14214229583740235,"z":-0.0447627417743206,"w":0.9437574148178101},"size":37.52107620239258,"orthographic":false}