{"cameraMode":{"drawMode":0,"name":"Shaded","section":"Shading Mode"},"sceneLighting":false,"audioPlay":false,"sceneViewState":{"showFog":true,"showMaterialUpdate":false,"showSkybox":true,"showFlares":true,"showImageEffects":true,"showParticleSystems":true},"in2DMode":false,"pivot":{"x":-411.952392578125,"y":-162.88323974609376,"z":190.70977783203126},"rotation":{"x":-0.12102701514959336,"y":0.6156388521194458,"z":-0.09556006640195847,"w":-0.7728978395462036},"size":552.6857299804688,"orthographic":false}