{"cameraMode":{"drawMode":0,"name":"Shaded","section":"Shading Mode"},"sceneLighting":false,"audioPlay":false,"sceneViewState":{"showFog":true,"showMaterialUpdate":false,"showSkybox":true,"showFlares":true,"showImageEffects":true,"showParticleSystems":true},"in2DMode":false,"pivot":{"x":122.583251953125,"y":31.355426788330079,"z":94.36181640625},"rotation":{"x":0.22861067950725556,"y":-0.649904191493988,"z":0.21378880739212037,"w":0.692738950252533},"size":69.81454467773438,"orthographic":false}